breast cancer,colorectal cancer,prostate cancer,lung cancer,brain cancer,cervical cancer,liver cancer,stomach cancer,endometrial cancer,skin cancer,ovarian cancer,head and neck cancer,renal cancer,mesothelioma,parathyroid cancer,gallbladder cancer,occult primary cancer,vaginal cancer,vulvar cancer,penile cancer,neuroendocrine tumors,mediastinal tumors,bone cancers,melanoma,sarcoma,oncohematologic malignancies,bladder cancer,esophageal cancer,thyroid cancer,testicular cancer,pancreatic cancer,various cancers
breast cancer,colorectal cancer,prostate cancer,lung cancer,posterior fossa tumors,cervical carcinoma,liver cancer,stomach cancer,endometrial cancer,keratoacanthoma,ovarian cancer,neck tumor,renal cell carcinoma,mesothelioma,parathyroid cancer,gallbladder cancer,occult primary cancer,vaginal cancer,vulvar cancer,penile cancer,neuroendocrine carcinoma,mediastinal tumors,bone cancer,melanoma,sarcoma,leukemia,bladder cancer,esophageal cancer,thyroid cancer,testicular cancer,pancreatic neuroendocrine neoplasms,multiple cancers
breast magnetic resonance imaging,colorectal neoplasm,prostate carcinoma,thoracic cancer,whole-brain,cervical carcinomas,liver cancers,gastroesophageal cancer,endometrioid,skin tissue,ovarian-cancer,oral squamous cell carcinoma,chronic kidney disease,pleural mesothelioma,hyperparathyroidism,gb polyps,unknown primary,vaginal cancers,vulvar cancers,penile cancers,pleomorphic adenoma,mediastinal cancer,primary bone tumor,mc1r,desmoid tumors,burkitt lymphoma,malignancy in bladder,esophageal tumor,american thyroid association,testicular cancers,autoimmune pancreatitis,nanomask
breast impc,rectal swabs,tmprss2-erg,lung papillary adenocarcinoma,brain on mri,cervical adenocarcinoma,liver carcinoma,gastroesophageal adenocarcinoma,endometrial cancers,skin cancer,ca125,tumors of both jaws,renal malignant tumor,,parathyroid cancers,neoplastic gallbladder,occult primary cancer,vaginal tumor,vulvar squamous cell carcinoma,penile squamous cell carcinoma,parotid gland,mediastinal neoplasm,pelvic and sacral tumors,dermoscopy,desmoid tumor,burkitt lymphomas,urothelial cell carcinoma,oesophageal squamous cell carcinoma,neoplasms of the thyroid gland,testicular tumor,pancreatic duct carcinoma,cancer phenotypes
breast pathological images,colorectal tumor,prostate cancers,ros1,encephalon cancers,cervical adenocarcinomas,liver carcinomas,gastrointestinal tumor,endometrial tumor,skin cancers,pax8,laryngopharyngeal cancer,kidney renal clear cel,,parathyroid carcinoma,gallbladder cancers,occult primary malignancy,vaginal squamous cell carcinoma,vulvar intraepithelial neoplasia,penile intraepithelial neoplasia,salivary gland,mediastinal neoplasms,malignant bone tumor,dermatoscopy,desmin,hematologic neoplasms,cancer of the bladder,oesophagectomy,thyroid fine-needle aspiration,testicular tumors,pancreatic serous cystic neoplasms,submucosal tumors
breast invasive micropapillary carcinoma,rectal carcinoma,prostate tumor,thoracic cancers,encephalon cancer,cervical malignancy,liver adenocarcinoma,gastroesophageal junction,endometrial tumors,skin tumor,ovarian cancers,oropharyngeal squamous cell carcinoma,renal clear cell carcinoma,,parathyroid carcinomas,gallbladder tumor,occult primary neoplasm,vaginal intraepithelial neoplasia,vulvar malignancy,penile tumor,neuroendocrine carcinomas,mediastinal tumor,pagets disease of bone,cutaneous melanoma,mesenchymal neoplasms,sternal puncture,bladder-cancer,oesophageal cancer,thyroid cytopathology,testicular carcinoma,pancreatic cystic neoplasms,brain metastasis
mastectomy,colorectal neoplastic,prostate tumors,lung cavity,encephalon malignancy,cervical malignancies,hepatic carcinoma,gastric or gastroesophageal junction cancer,endometrial neoplasm,hand tumors,ovarian tumor,opscc,kidney tumour,,parathyroid adenocarcinoma,gallbladder tumors,occult primary carcinoma,vaginal malignancy,vulvar tumor,penile tumors,neuroendocrine adenocarcinoma,mediastinal carcinoma,giant cell tumor of bone,malignant melanoma,smarcb1,cd3,bladder cancers,esophageal and esophagogastric junction adenocarcinomas,thyroid tumor,testicular carcinomas,scn and mcn,brain metastases
breast specimen,colorectal datasets,prostate neoplasm,lung cancers,encephalon malignancies,cervical cancer,boundary of tumor and liver,gastric cardiac cancer,endometrial neoplasms,skin tumors,ovarian tumors,jaws,nephroblastoma,,parathyroid adenocarcinomas,gallbladder malignancy,occult primary adenocarcinoma,vaginal tumors,vulvar tumors,penile neoplasm,neuroendocrine adenocarcinomas,mediastinal carcinomas,chordoma,skin melanoma,acta2,cd20,bladder tumor,adenocarcinoma of the esophagogastric junction,thyroid tumors,testicular adenocarcinoma,pancreatic mucinous and serous cystic neoplasms,intronic long noncoding rna
breast mr images,colorectal epithelial cells,prostate neoplasms,lung tumor,encephalon neoplasm,cervical cancers,hepatic carcinomas,gastric-cancer,uterine cancer,skin neoplasm,ovarian neoplasm,dental cyst,kidney diseases,,parathyroidectomy,gallbladder malignancies,occult cancer,vaginal neoplasm,vulvar neoplasm,penile neoplasms,neuroendocrine malignancy,mediastinal adenocarcinoma,adamantinoma,metastatic melanoma,myod1,bcl2,bladder tumors,oesophagectomy,thyroid carcinoma,testicular adenocarcinomas,pancreatobiliary-type,multiple types of early-stage cancer
breast mris,rectal adenocarcinoma,prostatic adenocarcinoma,lung tumors,encephalon neoplasms,cervical tumor,hepatic adenocarcinoma,gastrin,uterine cancers,cutaneous squamous cell carcinoma,ovarian neoplasms,teeth,kidney segmentation,,parathyroid neoplasm,gallbladder carcinoma,occult cancers,vaginal carcinoma,vulvar neoplasms,penile malignancy,neuroendocrine malignancies,mediastinal adenocarcinomas,chondroma,melanocytic nevus,myogenin,bcl6,bladder neoplasm,barretts neoplasia,thyroid carcinomas,testicular malignancy,pancreatic serous cystic neoplasms,the cancer genome atlas
lumpectomy,colorectal liver metastases,gleason score,lung neoplasm,encephalon carcinoma,cervical tumors,hepatic adenocarcinomas,gastric neoplasms,uterine tumor,skin neoplasms,ovarian epithelial carcinoma,laryngeal squamous cell carcinoma,renal carcinoma,,parathyroid neoplasms,gallbladder carcinomas,occult malignancy,vaginal carcinomas,vulvar malignancy,penile malignancies,phaeochromocytoma,mediastinal malignancy,enchondroma,kit mutation,pax3-foxo1,CD138,bladder neoplasms,barretts esophagus,thyroid adenocarcinoma,testicular malignancies,pancreatic scns,multiple sites of origin
breast lumpectomy,colorectal neoplasia,androgen-dependent prostate cancer,lung neoplasms,encephalon carcinomas,cervical neoplasm,hepatic malignancy,stomach cancers,uterine tumors,basal cell carcinoma,ovarian clear cell carcinoma,neck tumors,renal carcinomas,,parathyroid tumor,gallbladder adenocarcinoma,occult malignancies,vaginal adenocarcinoma,vulvar malignancies,penile carcinoma,pheochromocytoma,mediastinal malignancies,vertebral tumor,superficial spreading melanoma,pax7-foxo1,syndecan-1,urothelial carcinoma,esophageal adenocarcinoma,thyroid adenocarcinomas,testicular neoplasm,pancreatic-cancer,bone metastatic cancer
breast lymph nodes,colorectal carcinoma,benign prostatic hyperplasia,non-small cell lung cancer,encephalon adenocarcinoma,cervical neoplasms,hepatic malignancies,gastric cancer,uterine neoplasm,skin carcinoma,ovarian serous carcinoma,head and neck,renal adenocarcinoma,,parathyroid tumors,gallbladder adenocarcinomas,occult tumor,vaginal adenocarcinomas,vulvar carcinoma,penile carcinomas,phaeochromocytomas,thymic epithelial tumorstets,bone carcinoma,nodular melanoma,smooth muscle actin,cd38,non-muscle invasive bladder cancer,esophageal squamous cell carcinoma,thyroid malignancy,testicular neoplasms,pancreaticoduodenectomy,cancer driver genes
breast carcinoma,colorectal carcinomas,abiraterone,non-small cell lung cancers,encephalon adenocarcinomas,hela,liver adenocarcinomas,gastric cancers,uterine neoplasms,skin carcinomas,serous ovarian carcinoma,head and neck cancer,renal adenocarcinomas,,parathyroid malignancy,gallbladder neoplasm,occult tumors,vaginal malignancy,vulvar carcinoma,penile adenocarcinoma,pheochromocytomas,thymic carcinomas,bone carcinomas,acral lentiginous melanoma,h-caldesmon,myeloperoxidase,muscle-invasive bladder cancer,esophagectomy,thyroid malignancies,germ cell tumors,glucagon,tumor suppressor genes
invasive ductal carcinoma,msi-h,enzalutamide,small cell lung cancer,tumor of the encephalon,hpv,liver malignancy,stomach tumor,endometrial carcinoma,skin adenocarcinoma,endometrioid ovarian carcinoma,head and neck cancers,renal malignancy,,parathyroid malignancies,gallbladder neoplasms,unknown primary,vaginal malignancies,vulvar carcinomas,penile carcinoma,adrenal medullary tumor,thymomas,bone adenocarcinoma,lentigo maligna melanoma,sarcomas,fms like tyrosine kinase 3,squamous cell carcinoma of the bladder,dysphagia,ret,seminoma,men1,different cancers
breast carcinomas,colorectal carcinoma,prostate carcinomas,small cell lung cancers,brain tissue,pap-smear,liver malignancies,stomach tumors,endometrial carcinomas,skin adenocarcinomas,clear cell ovarian carcinoma,head and neck tumor,renal malignancies,,parathyroid neoplasia,gallbladder neoplasia,unknown primaries,vaginal neoplasms,vulvar adenocarcinoma,penile carcinomas,adrenal medullary tumors,neurilemoma,bone adenocarcinomas,amelanotic melanoma,soft tissue sarcoma,nucleophosmin,bladder adenocarcinoma,gerd,ret/ptc,non-seminoma,pancreatic ductal adenocarcinoma,lung and colon
breast adenocarcinoma,colorectal carcinomas,prostate adenocarcinoma,bronchoalveolar carcinoma,tumors of the encephalon,cervical intraepithelial neoplasia,liver tumor,gastric tumor,uterine carcinoma,skin malignancy,ovarian carcinoma,head and neck tumors,uroplakin,,parathyroid neoplasias,gallbladder neoplasias,unknown primary cancer,vaginal malignancy,vulvar adenocarcinomas,penile adenocarcinoma,chromaffin cell tumor,germ cell tumor,bone malignancy,melanoma in situ,soft tissue sarcomas,ccaat/enhancer binding protein alpha,urothelial carcinoma,gastroesophageal reflux disease,thyroid nodules,orchiectomy,pdac,major types of cancers
breast adenocarcinomas,colorectal adenocarcinoma,prostate adenocarcinomas,lung biopsy,cancer of the encephalon,,liver tumors,gastric tumors,uterine carcinomas,skin malignancies,ovarian carcinomas,head and neck neoplasm,clear cell renal cell carcinoma,,cancer of the parathyroid,tumor of the gallbladder,unknown primary cancers,vaginal malignancies,vulvar malignancy,penile adenocarcinomas,chromaffin cell tumors,anterior mediastinal mass,bone malignancies,clark level,osteosarcoma,hematologic malignancy,bladder tumor,esophageal carcinoma,medullary thyroid carcinoma,alpha-fetoprotein,pancreatic cancer,types of cancers
breast malignancy,colorectal adenocarcinomas,prostate malignancy,pulmonary nodules,cancers of the encephalon,,liver neoplasm,stomach neoplasm,endometrial carcinoma,,ovarian adenocarcinoma,head and neck neoplasms,malignant renal neoplasms,,tumor of the parathyroid,tumors of the gallbladder,unknown primary malignancy,vaginal carcinoma,vulvar malignancies,penile malignancy,adrenal tumor,mediastinal mass,spinal bone tumor,breslow depth,osteosarcomas,hematologic malignancies,transitional cell carcinoma,esophageal carcinomas,papillary thyroid carcinoma,afp,pancreatic cancers,various diseases
breast malignancies,colorectal malignancy,prostate malignancies,bronchoscopy,malignancy of the encephalon,,liver neoplasms,stomach carcinoma,endometrial carcinomas,,ovarian adenocarcinomas,laryngeal cancer,renal neoplasm,,carcinoma of the parathyroid,cancer of the gallbladder,unknown primary malignancies,vaginal carcinomas,vulvar carcinomas,penile malignancies,adrenal tumors,thymic mass,coccygeal tumor,sentinel lymph node biopsy,ewing sarcoma,mpo,hematuria,esophageal adenocarcinoma,follicular thyroid carcinoma,beta-hcg,pancreatic tumor,subclonal selection
tnbc,colon carcinoma,apalutamide,videobronchoscopy,malignancies of the encephalon,,hepatocellular carcinoma,stomach carcinomas,endometrial adenocarcinoma,,ovarian malignancy,laryngeal cancers,cystic renal lesions,,adenocarcinoma of the parathyroid,cancers of the gallbladder,unknown primary tumor,vaginal adenocarcinoma,vulvar adenocarcinoma,penile adenocarcinomas,adrenal neoplasm,thymic hyperplasia,pelvic bone tumor,immunotherapy for melanoma,ewing sarcomas,flt3,bacillus calmette-guérin,esophageal adenocarcinomas,follicular thyroid adenoma,testicular mass,pancreatic carcinoma,genotype matrix
triple-negative breast cancer,colon carcinomas,castration-resistant,lung squamous cell carcinoma,neoplasm of the encephalon,,hepatic adenoma,stomach adenocarcinoma,endometrial adenocarcinomas,,ovarian malignancies,head-and-neck cancer,ccrcc,,neoplasia of the parathyroid,malignancy of the gallbladder,unknown primary tumors,vaginal adenocarcinomas,vulvar adenocarcinomas,,adrenal neoplasms,malignant thymoma,iliac bone tumor,targeted therapy for melanoma,leiomyosarcoma,npm1,bcg therapy,esophageal malignancy,papillary thyroid carcinoma,,pancreatic carcinomas,tumor phylogeny
invasive breast carcinoma,colon adenocarcinoma,psa,large cell lung carcinoma,neoplasms of the encephalon,,fibrolamellar carcinoma,stomach adenocarcinomas,endometrial malignancy,,mucinous ovarian carcinoma,laryngeal tumor,fuhrman grading system,,neoplasias of the parathyroid,malignancies of the gallbladder,unknown primary neoplasm,,,,adrenal medullary neoplasm,thymic neuroendocrine tumor,ischial bone tumor,melanoma staging,leiomyosarcomas,cebpa,turbt,esophageal malignancies,follicular thyroid carcinoma,,pancreatic adenocarcinoma,variant allele frequencies
ductal carcinoma in situ,colon adenocarcinomas,prostate biopsy,lung carcinoma,carcinoma of the encephalon,,hepatic hemangioma,stomach malignancy,endometrial malignancies,,fallopian tube,laryngeal tumors,renal cancer,,,carcinoma of the gallbladder,unknown primary neoplasms,,,,adrenal medullary neoplasms,invasive thymoma,pubic bone tumor,abcde criteria,liposarcoma,cyclic adp ribose hydrolase,nmibc,,medullary thyroid carcinoma,,pancreatic adenocarcinomas,methylation data
breast ductal carcinoma in situ,colon malignancy,prostatic adenocarcinoma,lung carcinomas,carcinomas of the encephalon,,cholangiocarcinoma,stomach malignancies,uterine adenocarcinoma,,low-grade serous ovarian carcinoma,laryngeal neoplasm,renal cancers,,,carcinomas of the gallbladder,unknown primary carcinoma,,,,catecholamine-secreting tumor,thymic cyst,scapular tumor,,liposarcomas,bone marrow transplant,n-mibc,,anaplastic thyroid carcinoma,,pancreatic malignancy,cancer origin determination
invasive lobular carcinoma,colon malignancies,,lung adenocarcinoma,neoplastic hemorrhage,,intrahepatic cholangiocarcinoma,gastric carcinoma,uterine adenocarcinomas,,granulosa cell tumor,laryngeal neoplasms,renal tumor,,,adenocarcinoma of the gallbladder,unknown primary carcinomas,,,,catecholamine-secreting tumors,germ cell tumor of the mediastinum,clavicular tumor,,rhabdomyosarcoma,bone marrow transplantation,m-ibc,,thyroidectomy,,pancreatic malignancies,cell lines
breast ultrasound,colorectal malignancies,,lung adenocarcinomas,neoplastic and non-neoplastic intracerebral hemorrhage,,hcc,gastric carcinomas,endometrioid cancer,,dysgerminoma,pharyngeal cancer,renal tumors,,,adenocarcinomas of the gallbladder,carcinoma of unknown primary,,,,extra-adrenal paraganglioma,teratoma of the mediastinum,sternal tumor,,rhabdomyosarcomas,dlbcl,mibccystoscopy,,tsh,,pancreatic tumors,cell line
mammograms,microsatellite instability,,lung malignancy,encephalon tumors,,hepatocellular carcinoma,gastric adenocarcinoma,endometrioid cancers,,ovarian germ cell tumor,pharyngeal cancers,renal neoplasm,,,neoplasm of the gallbladder,carcinomas of unknown primary,,,,extra-adrenal paragangliomas,mediastinal teratoma,rib bone tumor,,gastrointestinal stromal tumor,myelodysplastic syndrome,,,thyroid-stimulating hormone,,pancreatic neoplasm,circulating tumor cells
breast masses,msi,,lung malignancies,encephalon tumor,,cirrhosis,gastric adenocarcinomas,endometrioid tumor,,figo,pharyngeal tumor,renal carcinoma,,,neoplasms of the gallbladder,cancer of unknown primary,,,,paraganglioma,mediastinal seminoma,humeral bone tumor,,gastrointestinal stromal tumors,myeloproliferative diseases,,,thyroid nodules,,pancreatic neoplasms,circulating tumor cell
breast tumor,colorectal cancers,,pulmonary carcinoma,electroencephalography,,hepatitis b,gastric malignancy,endometrioid tumors,,adnexal masses,pharyngeal tumors,renal carcinomas,,,neoplasia of the gallbladder,cancers of unknown primary,,,,paragangliomas,neurogenic tumor of the mediastinum,femoral bone tumor,,gist,myeloproliferative disease,,,radioiodine therapy,,pancreatic ductal adenocarcinoma,several subtypes
breast tumors,colon cancer,,pulmonary carcinomas,retinoblastoma,,afp,gastric malignancies,endometrioid neoplasm,,,pharyngeal neoplasm,renal neoplasms,,,neoplasias of the gallbladder,unknown primary adenocarcinoma,,,,parasympathetic paraganglioma,,tibial bone tumor,,gists,myelodysplastic syndromes,,,,,mucinous cystic neoplasm of the pancreas,cancer spheroids
mcf-7,colon cancers,,pulmonary adenocarcinoma,central nervous system,,cholangioscopy,stomach neoplasms,endometrioid neoplasms,,,pharyngeal neoplasms,kidney cancer,,,,unknown primary adenocarcinomas,,,,sympathetic paraganglioma,,fibrous dysplasia of bone,,epithelioid sarcoma,lymphomas,,,,,intraductal papillary mucinous neoplasm,cancer cell model
breast neoplasm,rectal cancer,,pulmonary adenocarcinomas,cns,,,gastric adenocarcinoma,serous endometrial cancer,,,oropharyngeal cancer,kidney cancers,,,,occult carcinoma,,,,carotid body tumor,,osteoblastoma,,epithelioid sarcomas,hematological malignancies,,,,,solid pseudopapillary neoplasm of the pancreas,multi-cancer
breast neoplasms,rectal cancers,,pulmonary malignancy,brain image,,,linitis plastica,serous endometrial cancers,,,oropharyngeal cancers,kidney tumor,,,,occult carcinomas,,,,carotid body tumors,,osteoma,,epithelioid sarcoma of soft tissue,blood cancer,,,,,pancreatic adenocarcinoma,ras/mek/erk
abus,colon tumor,,pulmonary malignancies,brain images,,,signet ring cell carcinoma,serous endometrial tumor,,,oropharyngeal tumor,kidney tumors,,,,occult adenocarcinoma,,,,chromaffin paraganglioma,,,,giant cell fibroblastoma,blood cancers,,,,,pancreatic neuroendocrine tumors,ck7
mammography,colon tumors,,nsclc,schwannomas,,,mucosa-associated lymphoid tissue lymphoma,serous endometrial tumors,,,oropharyngeal tumors,kidney neoplasm,,,,occult adenocarcinomas,,,,neuroendocrine tumor,,,,giant cell fibroblastomas,myeloid neoplasm,,,,,pancreatic neuroendocrine tumor,ck18
mammogram,rectal tumor,,sclc,schwannoma,,,gastric neuroendocrine tumor,serous endometrial neoplasm,,,oropharyngeal neoplasm,kidney neoplasms,,,,occult neoplasm,,,,neuroendocrine tumors,,,,gcf,myeloid neoplasms,,,,,pancreas cancer,ck8
bi-rads,rectal tumors,,alk mutation,glial fibrillary acidic protein,,,upper gastrointestinal tract carcinoma,serous endometrial neoplasms,,,oropharyngeal neoplasms,renal cell carcinoma,,,,occult neoplasms,,,,neuroendocrine neoplasm,,,,dermatofibrosarcoma protuberans,histiocytic and dendritic cell neoplasms,,,,,pancreas tumor,ctnnb1
lobular carcinoma,colon neoplasm,,lung adenocarcinoma,gfap,,,gastrointestinal cancer,,,,hypopharyngeal cancer,clear cell renal cell carcinoma,,,,unknown primary lesion,,,,neuroendocrine neoplasms,,,,dermatofibrosarcoma,dendritic cell neoplasm,,,,,pancreas cancers,p63
breast biopsies,colon neoplasms,,iladc,anterior fossa tumors,,,gastric adenocarcinoma,,,,hypopharyngeal cancers,papillary renal cell carcinoma,,,,unknown primary lesions,,,,neuroendocrine carcinoma,,,,dfsp,histiocytic cell neoplasm,,,,,pancreas tumors,p53
breast biopsy,rectal neoplasm,,,brain cancer,,,helicobacter pylori,,,,hypopharyngeal tumor,chromophobe renal cell carcinoma,,,,occult primary lesion,,,,neuroendocrine carcinomas,,,,fibrosarcoma,lymphoid neoplasm,,,,,pancreas neoplasms,tp53
,rectal neoplasms,,,brain cancers,,,,,,,hypopharyngeal tumors,renal oncocytoma,,,,occult primary lesions,,,,small round cell neuroendocrine tumor,,,,fibrosarcomas,myeloma,,,,,pancreas neoplasm,ck5/6
,adenocarcinoma of the colon,,,brain tumor,,,,,,,hypopharyngeal neoplasm,collecting duct carcinoma,,,,carcinoma of unknown primary,,,,large cell neuroendocrine tumor,,,,low-grade myofibroblastic sarcoma,haematological malignancies,,,,,pnet,pd-l1
,adenocarcinoma of the rectum,,,brain tumors,,,,,,,hypopharyngeal neoplasms,,,,,occult cancer,,,,high-grade neuroendocrine tumor,,,,low-grade myofibroblastic sarcomas,liquid tomors,,,,,,pdl
,familial adenomatous polyposis,,,brain neoplasm,,,,,,,nasopharyngeal cancer,,,,,occult carcinoma,,,,low-grade neuroendocrine tumor,,,,lgms,leukemias,,,,,,pten
,lynch syndrome,,,brain neoplasms,,,,,,,nasopharyngeal cancers,,,,,occult tumor,,,,sympathetic tumor,,,,low-grade fibromyxoid sarcoma,lymphoma,,,,,,myc
,rectum,,,glioma,,,,,,,nasopharyngeal tumor,,,,,occult primary neoplasm,,,,sympathetic tumors,,,,low-grade fibromyxoid sarcomas,multiple myeloma,,,,,,cdkn2a
,sigmoid colon,,,gliomas,,,,,,,nasopharyngeal tumors,,,,,,,,,sympathetic neoplasm,,,,rhabdomyosarcoma tumor,acute myeloid leukemia,,,,,,various tumor
,anal cancer,,,astrocytoma,,,,,,,nasopharyngeal neoplasm,,,,,,,,,sympathetic neoplasms,,,,rhabdomyosarcoma tumors,chronic lymphocytic leukemia,,,,,,various tumors
,anal cancers,,,glioblastoma multiforme,,,,,,,nasopharyngeal neoplasms,,,,,,,,,parasympathetic tumor,,,,leiomyosarcoma of soft tissue,acute lymphoblastic leukemia,,,,,,organs-at-risk
,anal tumor,,,ependymoma,,,,,,,oral cancer,,,,,,,,,parasympathetic tumors,,,,leiomyosarcoma of uterus,hodgkins lymphoma,,,,,,oars
,anal tumors,,,oligodendroglioma,,,,,,,oral cancers,,,,,,,,,parasympathetic neoplasm,,,,leiomyosarcoma of stomach,non-hodgkins lymphoma,,,,,,multiple cancer types
,anal neoplasm,,,brain carcinoma,,,,,,,oral tumor,,,,,,,,,parasympathetic neoplasms,,,,leiomyosarcoma of retroperitoneum,plasma cell neoplasms,,,,,,various carcinoma
,anal neoplasms,,,brain carcinomas,,,,,,,oral tumors,,,,,,,,,SDHB mutation,,,,liposarcoma of soft tissue,plasma cell neoplasm,,,,,,various carcinomas
,squamous cell carcinoma of the anus,,,brain adenocarcinoma,,,,,,,oral neoplasm,,,,,,,,,SDHD mutation,,,,liposarcoma of retroperitoneum,bone marrow biopsy,,,,,,various adenocarcinoma
,anal squamous cell carcinoma,,,brain adenocarcinomas,,,,,,,oral neoplasms,,,,,,,,,VHL mutation,,,,gastrointestinal stromal tumor of stomach,myelomas,,,,,,various adenocarcinomas
,anorectal cancer,,,brain malignancy,,,,,,,tongue cancer,,,,,,,,,NF1 mutation,,,,gastrointestinal stromal tumor of small intestine,,,,,,,various malignancy
,anorectal cancers,,,brain malignancies,,,,,,,tongue cancers,,,,,,,,,,,,,gastrointestinal stromal tumor of esophagus,,,,,,,various malignancies
,anorectal tumor,,,cerebral carcinoma,,,,,,,tongue tumor,,,,,,,,,,,,,gastrointestinal stromal tumors of stomach,,,,,,,pan-cancer
,anorectal tumors,,,cerebral carcinomas,,,,,,,tongue tumors,,,,,,,,,,,,,gastrointestinal stromal tumors of small intestine,,,,,,,organoid growth
,anorectal neoplasm,,,cerebral adenocarcinoma,,,,,,,tongue neoplasm,,,,,,,,,,,,,gastrointestinal stromal tumors of esophagus,,,,,,,segmentation of cscs
,anorectal neoplasms,,,cerebral adenocarcinomas,,,,,,,tongue neoplasms,,,,,,,,,,,,,ewing tumor,,,,,,,ed visit risk among patients with cancer
,perianal cancer,,,cerebral malignancy,,,,,,,lip cancer,,,,,,,,,,,,,ewing tumors,,,,,,,nci-60
,perianal cancers,,,cerebral malignancies,,,,,,,lip cancers,,,,,,,,,,,,,ewing neoplasm,,,,,,,plwc
,perianal tumor,,,anaplastic astrocytoma,,,,,,,lip tumor,,,,,,,,,,,,,ewing neoplasms,,,,,,,tumor exomes
,perianal tumors,,,medulloblastoma,,,,,,,lip tumors,,,,,,,,,,,,,leiomyosarcoma tumor,,,,,,,vascular endothelial growth factor receptor
,perianal neoplasm,,,diffuse intrinsic pontine glioma,,,,,,,lip neoplasm,,,,,,,,,,,,,leiomyosarcoma tumors,,,,,,,vegfr-2
,perianal neoplasms,,,astrocytomas,,,,,,,lip neoplasms,,,,,,,,,,,,,leiomyosarcoma neoplasm,,,,,,,different cancers
,,,,meningioma,,,,,,,salivary gland cancer,,,,,,,,,,,,,leiomyosarcoma neoplasms,,,,,,,tumor angiogenic factors
,,,,glioblastoma,,,,,,,salivary gland cancers,,,,,,,,,,,,,liposarcoma tumor,,,,,,,extracellular matrix
,,,,cerebellum cancer,,,,,,,salivary gland tumor,,,,,,,,,,,,,liposarcoma tumors,,,,,,,breast-colorectal-endometrial
,,,,cerebellum cancers,,,,,,,salivary gland tumors,,,,,,,,,,,,,liposarcoma neoplasm,,,,,,,more than two hd cancers of interest
,,,,cerebellum tumor,,,,,,,salivary gland neoplasm,,,,,,,,,,,,,liposarcoma neoplasms,,,,,,,human tumors
,,,,cerebellum tumors,,,,,,,salivary gland neoplasms,,,,,,,,,,,,,epithelioid sarcoma tumor,,,,,,,multi-cancer-type
,,,,cerebellum neoplasm,,,,,,,sinus cancer,,,,,,,,,,,,,epithelioid sarcoma tumors,,,,,,,tumor type prediction
,,,,cerebellum neoplasms,,,,,,,sinus cancers,,,,,,,,,,,,,epithelioid sarcoma neoplasm,,,,,,,various cancer types
,,,,corpus callosum cancer,,,,,,,sinus tumor,,,,,,,,,,,,,epithelioid sarcoma neoplasms,,,,,,,pan-cancer
,,,,corpus callosum cancers,,,,,,,sinus tumors,,,,,,,,,,,,,giant cell fibroblastoma tumor,,,,,,,different cancer types
,,,,corpus callosum tumor,,,,,,,sinus neoplasm,,,,,,,,,,,,,giant cell fibroblastoma tumors,,,,,,,cancer detection across multiple types
,,,,corpus callosum tumors,,,,,,,sinus neoplasms,,,,,,,,,,,,,giant cell fibroblastoma neoplasm,,,,,,,broad cancer diagnostic model
,,,,corpus callosum neoplasm,,,,,,,maxillary sinus cancer,,,,,,,,,,,,,giant cell fibroblastoma neoplasms,,,,,,,pan-cancer
,,,,corpus callosum neoplasms,,,,,,,maxillary sinus cancers,,,,,,,,,,,,,dermatofibrosarcoma tumor,,,,,,,multi-cancer detection
,,,,pituitary cancer,,,,,,,maxillary sinus tumor,,,,,,,,,,,,,dermatofibrosarcoma tumors,,,,,,,multi-cancer
,,,,pituitary cancers,,,,,,,maxillary sinus tumors,,,,,,,,,,,,,dermatofibrosarcoma neoplasm,,,,,,,tumor agnostic
,,,,pituitary tumor,,,,,,,maxillary sinus neoplasm,,,,,,,,,,,,,dermatofibrosarcoma neoplasms,,,,,,,common cancer markers
,,,,pituitary tumors,,,,,,,maxillary sinus neoplasms,,,,,,,,,,,,,dfsp tumor,,,,,,,ai model for cancer diagnosis
,,,,pituitary neoplasm,,,,,,,larynx cancer,,,,,,,,,,,,,dfsp tumors,,,,,,,deep learning for various cancer detection
,,,,pituitary neoplasms,,,,,,,nasopharyngeal carcinoma,,,,,,,,,,,,,dfsp neoplasm,,,,,,,various cancers
,,,,hypothalamus cancer,,,,,,,nasopharynx,,,,,,,,,,,,,dfsp neoplasms,,,,,,,various atll cancer
,,,,hypothalamus cancers,,,,,,,,,,,,,,,,,,,,fibrosarcoma tumor,,,,,,,
,,,,hypothalamus tumor,,,,,,,,,,,,,,,,,,,,fibrosarcoma tumors,,,,,,,
,,,,hypothalamus tumors,,,,,,,,,,,,,,,,,,,,fibrosarcoma neoplasm,,,,,,,
,,,,hypothalamus neoplasm,,,,,,,,,,,,,,,,,,,,fibrosarcoma neoplasms,,,,,,,
,,,,hypothalamus neoplasms,,,,,,,,,,,,,,,,,,,,low-grade myofibroblastic sarcoma tumor,,,,,,,
,,,,brainstem cancer,,,,,,,,,,,,,,,,,,,,low-grade myofibroblastic sarcoma tumors,,,,,,,
,,,,brainstem cancers,,,,,,,,,,,,,,,,,,,,low-grade myofibroblastic sarcoma neoplasm,,,,,,,
,,,,brainstem tumor,,,,,,,,,,,,,,,,,,,,low-grade myofibroblastic sarcoma neoplasms,,,,,,,
,,,,brainstem tumors,,,,,,,,,,,,,,,,,,,,rhabdomyosarcoma of soft tissue,,,,,,,
,,,,brainstem neoplasm,,,,,,,,,,,,,,,,,,,,rhabdomyosarcoma of muscles,,,,,,,
,,,,brainstem neoplasms,,,,,,,,,,,,,,,,,,,,rhabdomyosarcoma of connective tissue,,,,,,,
,,,,medulla oblongata cancer,,,,,,,,,,,,,,,,,,,,rhabdomyosarcoma neoplasm,,,,,,,
,,,,medulla oblongata cancers,,,,,,,,,,,,,,,,,,,,rhabdomyosarcoma neoplasms,,,,,,,
,,,,medulla oblongata tumor,,,,,,,,,,,,,,,,,,,,uterine sarcoma,,,,,,,
,,,,medulla oblongata tumors,,,,,,,,,,,,,,,,,,,,uterine sarcomas,,,,,,,
,,,,medulla oblongata neoplasm,,,,,,,,,,,,,,,,,,,,endometrial stromal sarcoma,,,,,,,
,,,,medulla oblongata neoplasms,,,,,,,,,,,,,,,,,,,,synovial sarcoma,,,,,,,
